country,country_name,region,observed_prevalence_per_1k,vulnerability_total,govt_response_total,gdp_per_capita_log,population_log,urban_share,unemployment,gini,youth_dep_ratio,press_freedom_score,year,wgi_rule_of_law,wgi_government_effectiveness
AFG,Afghanistan,Asia and the Pacific,12.9599723815918,86.1662322798377,46.15384674072266,5.879124772192372,17.504400337024908,25.3478620272481,12.006,34.2,81.7057602287166,59.81,2021,-1.8742472390458924,-1.8400092555107408
ALB,Albania,Europe and Central Asia,11.81394481658936,39.50559814524699,61.53845977783203,8.887853599645704,14.727698083188026,57.5077187031778,11.474,29.4,25.7805107952401,69.41,2021,0.0762030907338277,0.0651228631544689
DZA,Algeria,Africa,1.922730684280396,43.05974622669564,35.89743423461914,8.333645106913224,17.61685001661988,73.6199218261573,13.656,34.2,49.0207030327762,52.74,2021,0.0069434177842755,-0.4393634792732156
AGO,Angola,Africa,4.136548519134521,61.07281247183403,43.58974456787109,7.7427960963404034,17.357409440478254,68.2524163556969,15.799,51.3,85.7930144236442,65.94,2021,-0.6105449732711109,-0.459284941655618
ARG,Argentina,Americas,4.178747653961182,35.51249048667636,57.69230651855469,9.281638922758807,17.629088679533112,92.0292776175651,8.736,40.7,35.8386839470968,71.01,2021,0.1835523836824151,0.1333754692798483
ARM,Armenia,Europe and Central Asia,8.938274383544922,48.14495723761485,53.84615325927734,8.452373024494369,14.901476889173537,65.3572875314441,15.469,27.9,29.767715315933,71.17,2021,-0.0235508075284545,-0.3769116682771792
AUS,Australia,Asia and the Pacific,1.609539031982422,6.81399870378826,66.66666412353516,11.014685383958545,17.061433801178023,87.2353407632761,5.022,33.8,28.4192188433023,80.21,2021,2.102297478301758,1.1725978708522506
AUT,Austria,Europe and Central Asia,1.855276346206665,8.004145492813043,61.53845977783203,10.890230108663484,16.007811701734497,68.773601700253,6.459,30.9,21.7005580404786,83.66,2021,1.8745838693226389,1.8410411225544665
AZE,Azerbaijan,Europe and Central Asia,10.56178951263428,56.89814924585747,58.97435760498047,8.595827896334379,16.131776736655397,58.3659969744818,6.04,34.2,33.2032371548007,41.23,2021,-0.3517689213980461,-0.4058672409412406
BHR,Bahrain,Arab States,6.736337385130479,40.31263365089431,55.12820434570313,10.209088434462558,14.223882104950684,100.0,1.548,34.2,24.9740542940789,38.9,2021,0.524674965523741,0.3132049450059194
BGD,Bangladesh,Asia and the Pacific,7.056299209594727,58.09061074311966,48.71794891357422,7.817564723993246,18.93744184785328,31.3992156886061,5.457,30.9,44.763273732564,50.29,2021,-0.8507820622726943,-0.8365502450013075
BLR,Belarus,Europe and Central Asia,11.34423828125,41.05485713028258,47.43589782714844,8.921420059506737,16.045802983986842,78.131086803694,3.9,24.4,25.5366396095857,49.18,2021,0.1684859528192272,0.6965801398016477
BEL,Belgium,Europe and Central Asia,0.9710318446159364,10.80593386164617,58.97435760498047,10.85242432196037,16.26532494746437,87.4305564090635,6.248,26.4,26.1218493839824,88.31,2021,0.5399351297577641,0.4710013260640948
BEN,Benin,Africa,3.042785406112671,48.04940072709778,39.74359130859375,7.185123026762662,16.411766107194964,50.1961807561354,1.833,34.4,77.7189255065446,61.82,2021,-1.1206570840167265,-0.9826055967184912
BOL,Bolivia,Americas,7.15239953994751,46.69743586023478,47.43589782714844,8.296985460576186,16.295183619724273,70.3450412826165,5.089,41.2,48.34344971779,64.53,2021,-0.7726117765961973,-1.141472459839197
BIH,Bosnia and Herzegovina,Europe and Central Asia,10.08794212341309,36.17146455125945,57.69230651855469,8.89512865054847,14.992597556408715,50.4899479477034,14.897,30.3,20.4767423464444,71.66,2021,-0.1588963766542211,0.3511949809180308
BWA,Botswana,Africa,1.842855215072632,44.94726294166183,42.30769348144531,8.963017844181403,14.691579948223428,66.5182767068255,23.106,34.2,51.2788923780216,76.75,2021,-0.0373557890043065,0.2416261849294124
BRA,Brazil,Americas,4.954716682434082,46.8682578663542,51.28205108642578,8.9838834576331,19.160474340112938,87.1360781715439,13.158,51.9,29.4041192944533,63.75,2021,0.0680694030956284,0.3813429228876193
BGR,Bulgaria,Europe and Central Asia,8.48421573638916,25.8851176750635,55.12820434570313,9.470174187891326,15.688435488956923,73.346765618041,5.166,38.2,22.6962456926934,62.71,2021,0.6911556202853452,0.6363418776203145
BFA,Burkina Faso,Africa,3.701391696929932,55.57506286686467,35.89743423461914,6.798537654727831,16.90633680613375,26.8114307743017,4.511,37.4,80.7296340232728,76.83,2021,-0.8799958971850292,-0.5169998708191477
BDI,Burundi,Africa,7.5060715675354,76.69894916041535,29.48717880249023,5.583422543916984,16.377801153278895,21.1108861865354,1.118,37.5,91.1800223073572,52.43,2021,-2.1777824391876672,-1.8487201447405772
KHM,Cambodia,Asia and the Pacific,4.982629299163818,57.6433208103472,42.30769348144531,7.681746342489746,16.647211346920844,40.1091858128847,0.396,34.2,48.3799875774695,53.16,2021,-0.1475886646153437,0.0511269252038925
CMR,Cameroon,Africa,5.846192359924316,70.47543238772427,41.02564239501953,7.42256888421392,17.108222509468124,54.5548664463635,3.976,42.2,77.0525896349656,56.22,2021,-1.137151472245517,-1.0690942125434524
CAN,Canada,Americas,1.82606041431427,10.71290950739265,60.25640869140625,10.875925351270787,17.459389115806516,82.1779279079275,7.527,31.5,23.9348837860225,84.75,2021,1.626591911667412,1.021766336088083
CAF,Central African Republic,Africa,5.247385025024414,97.66674312431344,26.92307662963867,6.2010427899213,15.447121032277822,42.8547782897949,6.701,43.0,100.468231824283,58.08,2021,-1.3434286259449286,-0.9004294590094808
TCD,Chad,Africa,5.881432056427002,83.53713091668155,24.35897445678711,6.853677585654758,16.696296182012823,25.2312246423075,1.53,37.4,94.8511163899727,59.8,2021,-1.22176099663677,-1.6800727879560051
CHL,Chile,Americas,3.173375844955444,22.08558806059161,55.12820434570313,9.693249895076637,16.78368328193861,88.4660511664452,9.281,43.2,26.2471024942684,72.11,2021,0.3813622877513376,0.2712450575987931
CHN,China,Asia and the Pacific,4.009806632995605,45.54358168885896,39.74359130859375,9.464085732812169,21.068527901736438,64.721076965332,4.55,36.0,25.402749711839,21.28,2021,0.1536576277678114,0.0769351184711319
COL,Colombia,Americas,7.808035373687744,51.39640023080491,46.15384674072266,8.736107274160858,17.751019086768043,77.8339570326128,13.898,54.8,30.4315723690048,56.26,2021,-0.1576185635640695,-0.4547147495030139
CRI,Costa Rica,Americas,3.193997383117676,23.81494490419098,51.28205108642578,9.46025192503488,15.436874867348243,77.9868940200009,15.139,47.2,29.4856663490438,91.24,2021,0.6078090921021784,0.7309651237929344
CIV,Côte d'Ivoire,Africa,7.312020301818848,58.62020435305695,37.17948532104492,7.8066887519839945,17.204626485208394,52.3183461956059,2.623,35.3,75.6222731959684,71.13,2021,-1.012742860428728,-0.9715674848087258
HRV,Croatia,Europe and Central Asia,5.243167400360107,29.538748428724,58.97435760498047,9.78637978405424,15.171083306040108,56.7683502560171,7.483,30.0,22.6388560254653,72.05,2021,0.6586568359377332,0.4617306546647753
CYP,Cyprus,Europe and Central Asia,8.044442176818848,21.32731000402713,57.69230651855469,10.402407782824497,14.091102336474309,66.6718365394971,7.513,31.5,22.7903338195133,80.15,2021,1.099102161410592,1.1451444645628253
CZE,Czechia,Europe and Central Asia,4.240109443664551,12.54070674503732,58.97435760498047,10.229096061723133,16.16743547356168,72.6810594374316,2.803,25.9,25.3477240765871,76.62,2021,1.2608378375471283,0.9917803416248916
COD,Democratic Republic of the Congo,Africa,4.547229290008545,93.9707444032815,35.89743423461914,6.391486659627619,18.412133651399657,43.6290681792218,5.289,44.7,90.6795981313049,51.41,2021,-1.488967073668303,-0.92337637384998
DNK,Denmark,Europe and Central Asia,0.6420400738716125,5.730842414973912,61.53845977783203,11.146802218814232,15.583102668298746,88.2616449318149,5.065,29.3,25.439535502029,91.43,2021,1.8130218576871031,1.737156194774587
DJI,Djibouti,Africa,7.135610103607178,57.22944943385414,35.89743423461914,8.015297993803625,13.929953800492983,72.2882954556515,27.628,34.2,46.9477947485842,21.38,2021,-0.728042421978187,-0.7975380758307001
DOM,Dominican Republic,Americas,6.632640838623047,40.7564368960251,46.15384674072266,9.051118997893246,16.224568477768667,72.9243347395035,7.702,37.0,41.8657538884391,74.4,2021,0.188635105072963,-0.4135078982299965
ECU,Ecuador,Americas,7.63454008102417,48.22622081398305,51.28205108642578,8.709848421719611,16.68808346300003,63.0871268249117,4.504,45.5,39.1491792777126,67.17,2021,0.3211391800706589,-0.1033006970067511
EGY,Egypt,Africa,4.315521240234375,58.9061160218451,43.58974456787109,8.25019026494524,18.524653377947843,42.5686062621468,7.441,28.5,53.477218427384,43.83,2021,0.2911853650777052,0.5881160640004437
SLV,El Salvador,Americas,8.082976341247559,52.47724165430058,44.87179565429688,8.443246806732525,15.64901687390492,73.6838531494141,4.327,38.8,39.2439122505965,69.51,2021,-0.6780440709930826,-0.6254208828271771
GNQ,Equatorial Guinea,Africa,7.812037944793701,68.87411981435966,21.79487228393555,8.846012029346833,14.380134924858247,70.6431215020592,8.821,38.5,64.517170502802,44.33,2021,0.7060559089138078,0.5505127983185666
EST,Estonia,Europe and Central Asia,4.113351345062256,15.34476157802643,56.41025543212891,10.23824996852445,14.101390758018583,70.1777274135822,6.178,32.3,25.9264280065878,84.75,2021,1.5890977007825595,1.9231634149771129
SWZ,Eswatini,Africa,3.604331970214844,59.38274135854581,35.89743423461914,8.290293166316511,14.003312072326013,25.0156180525173,34.153,34.2,55.4843953491179,53.66,2021,0.0337093894039032,-0.3544563227586566
ETH,Ethiopia,Africa,6.31956148147583,67.22511824075579,44.87179565429688,6.795716776733858,18.62066693337552,22.1067085266113,3.935,31.1,70.4849921111863,66.37,2021,-1.1931443610746022,-1.2495272649195497
FIN,Finland,Europe and Central Asia,1.412570953369141,5.416905107345813,60.25640869140625,10.879934752236487,15.52768879635531,73.3710215780329,7.617,27.9,25.0594641669866,93.01,2021,1.3631553431320538,1.0850635057913032
FRA,France,Europe and Central Asia,2.061271667480469,13.25262384676886,61.53845977783203,10.685700455708174,18.032703999060573,78.7364603392338,7.871,31.2,27.9482620831353,77.4,2021,1.9393596402018112,1.9213248606410205
GAB,Gabon,Africa,7.609169483184814,58.98436584009715,24.35897445678711,9.00974190229249,14.681233206106262,90.7881967286967,21.223,34.2,62.2183278828381,61.4,2021,0.9963422716756232,0.6976474850168468
GMB,Gambia,Africa,6.546003341674805,57.54879669703229,35.89743423461914,6.662993382544519,14.7617526363836,62.7550706637859,6.213,38.8,74.9243062130746,69.24,2021,-0.6688619814173665,-0.7860011378598383
GEO,Georgia,Europe and Central Asia,7.793662071228027,37.89671735119825,61.53845977783203,8.533973010479665,15.126167970949865,59.4293560618005,11.785,33.5,33.1674195721638,71.36,2021,0.4135481095541781,-0.1093515204667737
DEU,Germany,Europe and Central Asia,0.5649979114532471,10.65647740958336,61.53845977783203,10.865711915417387,18.23671077727706,81.6325870653934,3.594,33.7,21.6500899253927,84.76,2021,1.621968947017192,1.6785768735208295
GHA,Ghana,Africa,2.932558059692383,45.05815546676001,44.87179565429688,7.802285611494141,17.297324820892296,56.6952556826536,3.2,34.2,61.8544114062139,78.67,2021,-1.0952283690796958,-0.7438637246172196
GRC,Greece,Europe and Central Asia,6.368064880371094,20.89470876680199,61.53845977783203,9.93574659884871,16.173455425994632,78.3884898647442,14.656,33.4,22.2094780887736,70.99,2021,0.8424945655477123,0.6153320847725925
GTM,Guatemala,Americas,7.820735931396484,57.35570497341147,47.43589782714844,8.499766709295752,16.683332809343522,54.9047071553758,2.174,34.2,53.519938713402,61.55,2021,0.1267493339631003,0.1630763842291799
GIN,Guinea,Africa,4.023453235626221,65.57711372844109,35.89743423461914,7.1276660141962225,16.4336735417183,36.8502178436256,5.815,29.6,76.545488705212,64.58,2021,-1.5877018391415574,-1.816725492055204
GNB,Guinea-Bissau,Africa,4.495571136474609,80.0575807109044,33.33333206176758,6.832795628494691,14.5376542467858,44.7334136962891,3.016,33.4,70.6585628387222,67.32,2021,-1.1155699084434956,-1.1455568640214169
GUY,Guyana,Americas,4.188868522644043,40.97456782269074,51.28205108642578,9.19643109982899,13.61153585471924,26.443303961947,14.576,34.2,45.660099618301,74.39,2021,0.5116076767931639,0.8738321949306038
HTI,Haiti,Americas,8.21799087524414,66.38134261556087,37.17948532104492,7.518787381568441,16.24689221444984,53.2460637918026,15.296,34.2,51.0303322313356,68.88,2021,-0.5269833293459913,-0.4335657761912519
HND,Honduras,Americas,6.95623779296875,61.9891303997632,47.43589782714844,7.914306193604714,16.146671251568907,57.3550236357547,8.506,48.2,49.5296736709661,50.65,2021,-1.0090893294112386,-0.2150713504313484
HKG,Hong Kong,Asia and the Pacific,2.762860774993896,28.2149097296573,32.0512809753418,10.81519910068308,15.818759398259383,100.0,5.174,34.2,16.0239980417723,69.56,2021,1.179858626737321,0.8257149414164418
HUN,Hungary,Europe and Central Asia,6.565171718597412,18.92211530903652,55.12820434570313,9.853857512612047,16.080490663816487,70.2059275331413,4.021,34.2,22.3978631217659,68.24,2021,0.6138093636670315,0.7265137523176206
IND,India,Asia and the Pacific,8.007246017456055,55.9801094613487,46.15384674072266,7.714505144662539,21.06983259275217,34.4425517181304,6.38,25.5,38.3501503332631,53.44,2021,-1.139735551361826,-1.0844137445755742
IDN,Indonesia,Asia and the Pacific,6.702832221984863,48.63253801383483,50.0,8.363616079722552,19.438654231207252,56.8761702464027,3.827,35.5,37.7560824212457,62.6,2021,0.4669779618819802,0.5900255197422102
IRN,Iran,Asia and the Pacific,7.104307174682617,68.45613063573391,7.692307472229004,8.435147388410591,18.298010034304266,75.9926376342773,9.282,34.8,34.1090457081754,27.3,2021,-0.3783103442488936,-0.3426427177216312
IRQ,Iraq,Arab States,5.49226226733973,82.30540812527585,33.33333206176758,8.490745373068675,17.578365396871188,69.8682708740234,16.173,34.2,65.0006125825648,44.43,2021,-0.0104102308700901,-0.1777286409058289
IRL,Ireland,Europe and Central Asia,1.101991295814514,9.333911783690326,62.82051467895508,11.550071395369551,15.446824632708688,63.6774229356985,6.357,29.9,30.312187619225,88.09,2021,1.842691982877828,1.3981377552935346
ISR,Israel,Europe and Central Asia,3.792859554290771,35.43303812106679,44.87179565429688,10.864214297754753,16.053173162781505,91.5353517549466,4.812,38.3,46.6829436211387,69.1,2021,2.111383747034957,2.820056394046131
ITA,Italy,Europe and Central Asia,3.26297926902771,21.69834077845412,58.97435760498047,10.514707027094456,17.89530264469225,69.4812507629394,9.497,33.7,19.7960083315913,76.61,2021,1.7675855323481704,1.5676234611960886
JAM,Jamaica,Americas,7.287474155426025,45.1316666188503,51.28205108642578,8.635274504843359,14.858498432084255,57.5411017937226,5.188,39.9,27.5991197762182,90.04,2021,0.2099901966214242,-0.4160070301106917
JPN,Japan,Asia and the Pacific,1.140809535980225,11.43464895336334,43.58974456787109,10.599020883461815,18.649262234835668,91.8741049279527,2.808,32.3,20.5130132579451,71.12,2021,0.4155849494438783,0.1794462721284901
JOR,Jordan,Arab States,10.005855967217204,49.29815803249815,46.15384674072266,8.339142497474521,16.219420162899397,92.117972910453,19.837,34.2,50.9279610459247,57.11,2021,-0.2246618516951258,0.0012162516115858
KAZ,Kazakhstan,Europe and Central Asia,11.06179714202881,42.07077800139496,46.15384674072266,9.208799288694005,16.79834014876002,61.030254280267,5.568,29.2,46.9900614165434,49.72,2021,0.6215784858913147,0.4094181073467588
KEN,Kenya,Africa,5.003462791442871,66.17329184364702,46.15384674072266,7.631604404698149,17.789929171380802,31.2879334021971,5.693,38.5,66.1392886812234,66.35,2021,-0.3268134105382613,0.114001791261142
KWT,Kuwait,Arab States,12.959253188009184,38.91413149706471,37.17948532104492,10.434693115136369,15.288181219455321,100.0,2.97,34.2,26.2635562513603,65.64,2021,0.9376654489200258,1.1446183858812105
KGZ,Kyrgyzstan,Europe and Central Asia,8.725506782531738,54.72198722532689,47.43589782714844,7.2085983442538595,15.739938026366639,34.7521210171204,5.149,26.4,53.3393322349761,69.63,2021,-0.288312978496876,-0.3051832713944591
LAO,Lao PDR,Asia and the Pacific,5.161807537078857,51.53891224566895,46.15384674072266,7.834808309077803,15.824153357482382,37.338778268357,2.08,38.8,48.5479344422381,29.44,2021,-1.1178751909329825,-1.147752454672497
LVA,Latvia,Europe and Central Asia,3.378555059432983,16.83542015269315,58.97435760498047,9.916546352973574,14.449168315875323,68.1808791463693,7.513,33.7,25.3430315171367,80.74,2021,0.5665600321981388,0.2084637268700159
LBN,Lebanon,Arab States,7.567281429788705,59.97991052358088,33.33333206176758,8.305576428351998,15.559151162650874,89.965362045441,12.715,35.5,43.7423310672882,65.07,2021,0.1056362955120654,-0.1149172967331385
LSO,Lesotho,Africa,1.646948337554932,59.40494354074929,39.74359130859375,6.973155726777521,14.631557881648082,40.6551760851997,18.214,34.2,58.7238136781976,68.39,2021,-1.1581951980909893,-1.4843186006815778
LBR,Liberia,Africa,3.14580249786377,56.064437896472,41.02564239501953,6.505733393886854,15.475513059344594,53.9224618859098,3.844,34.2,73.3832410197848,66.64,2021,-0.6958954729910619,-0.2649870382320304
LBY,Libya,Africa,6.821667194366455,80.29537378734653,10.25641059875488,8.504478273056792,15.780547475722692,87.8365018271835,19.779,34.2,43.7426615598026,44.27,2021,-0.0572171220138368,0.4257148263253653
LTU,Lithuania,Europe and Central Asia,6.085984230041504,21.26974150587318,57.69230651855469,10.080438860537539,14.848118718684313,68.1912117004395,7.112,36.6,23.2666025530664,79.85,2021,0.6897571559133694,0.2439400194037125
MDG,Madagascar,Africa,4.572755336761475,59.62871737089615,42.30769348144531,6.183054402205611,17.20635735668308,31.1137123216036,3.498,36.8,70.837377069528,71.76,2021,-1.8681199342479644,-2.035812833529107
MWI,Malawi,Africa,4.865484237670898,54.87604283540575,38.46154022216797,6.427211488000021,16.813602994142006,16.4881925800694,5.652,38.5,77.6086151675351,71.2,2021,-1.9869054671175808,-2.318768477531898
MYS,Malaysia,Asia and the Pacific,6.255043506622314,37.15885008690078,44.87179565429688,9.296894488011699,17.35014266091176,75.5088628191907,4.64,40.7,33.5878120596581,60.53,2021,-0.1028393666877115,-0.3817116992385926
MLI,Mali,Africa,5.233090400695801,72.71234300654032,30.76922988891602,6.935636416141502,16.924063843338033,29.7049638253978,4.006,35.7,93.1088368786425,66.5,2021,-0.9512609597691972,-1.7880359041772649
MRT,Mauritania,Africa,32.01548385620117,66.12226331919237,34.61538314819336,7.5749635273324465,15.370465885098625,57.901535141641,11.131,32.0,82.0364959589078,67.75,2021,-0.5345915044006447,-0.8238160409501561
MUS,Mauritius,Africa,1.507123351097107,19.93046737136174,35.89743423461914,9.124642164372663,14.051637459636613,39.077147315722,7.719,34.2,21.9924548933844,71.26,2021,0.808486749404004,1.1167126944037609
MEX,Mexico,Americas,6.589330673217773,58.08316401415551,55.12820434570313,9.241359337971376,18.664788200959087,78.9324007418057,4.019,43.5,38.4421117369035,53.29,2021,0.0684853004227217,-0.0420649884588898
MDA,Moldova,Europe and Central Asia,9.474068641662598,35.97742784174802,47.43589782714844,8.570848799513469,14.769409164605293,41.8115425109863,0.794,25.9,30.9196947023442,68.39,2021,0.5883188664494747,0.7858622502605498
MNG,Mongolia,Asia and the Pacific,4.044466495513916,50.12350020691984,39.74359130859375,8.415960982602943,15.034492755666996,69.2153244018555,7.871,31.4,52.5518688544389,71.03,2021,-0.307996667437044,-0.4238877198459531
MAR,Morocco,Africa,2.292283058166504,44.31475703230105,39.74359130859375,8.239312601590939,17.4251964417022,62.3173276600289,10.551,34.2,40.4626943380251,56.06,2021,0.3161517543574006,0.8127367680195974
MOZ,Mozambique,Africa,2.974953413009644,67.14662783066453,44.87179565429688,6.236189201088286,17.272073296900817,34.4499259401554,5.413,49.6,86.4749562442866,64.61,2021,-1.8539421290239744,-1.6087825212174198
MMR,Myanmar,Asia and the Pacific,12.07966709136963,67.43775615436518,42.30769348144531,7.125863248203438,17.7930797579066,30.2368812529698,4.34,34.2,36.4687191734309,53.86,2021,-1.3677810344277348,-1.3456036186280054
NAM,Namibia,Africa,2.351321458816528,46.9669209138301,43.58974456787109,8.392499334039707,14.84889039589246,49.0571881483796,20.931,34.2,63.2061272750916,80.28,2021,-0.1091410006855854,0.6675003069942974
NPL,Nepal,Asia and the Pacific,3.322043418884277,46.35864725919419,44.87179565429688,7.133894951295787,17.199053377585265,66.144235274522,12.241,30.0,45.5009112658793,65.38,2021,-0.6555245073235465,-0.6873136134768236
NLD,Netherlands,Europe and Central Asia,0.5684135556221008,5.964194030445371,66.66666412353516,11.004480140894351,16.679597944037692,94.6294783220315,4.209,25.7,23.8807861681462,90.33,2021,1.6381357819835358,1.1079551988673413
NZL,New Zealand,Asia and the Pacific,1.611743211746216,7.816283510458578,53.84615325927734,10.818806315584219,15.441727118309478,83.8299382585905,3.776,34.2,28.975159107884,89.96,2021,1.2127902022626582,1.1520841826244257
NIC,Nicaragua,Americas,7.343417167663574,53.92314317197637,35.89743423461914,7.668274097063264,15.709336423190626,58.8592529296875,6.076,34.2,46.3935181431637,60.02,2021,-1.239857314365856,-1.1275220944966944
NER,Niger,Africa,4.645125389099121,75.84613659508516,37.17948532104492,6.41300383655635,17.01427105945197,17.2295936666686,0.806,32.9,95.7798373028737,71.56,2021,-2.1207524275704843,-1.588779818863559
NGA,Nigeria,Africa,7.81476354598999,75.78220042253054,53.84615325927734,7.933254717926634,19.202430600131088,60.5698545383604,5.404,33.9,77.6246977306668,60.31,2021,-0.3214358354671434,-0.5657824292697724
MKD,North Macedonia,Europe and Central Asia,12.60249519348145,38.11045542186494,57.69230651855469,8.938768230899615,14.423706964306426,61.6841975628139,15.801,33.5,26.0727824109174,68.33,2021,0.5596816332926839,0.7451285494072648
NOR,Norway,Europe and Central Asia,0.5151357054710388,1.0,62.82051467895508,11.441148999792414,15.503449251452285,82.8612877226956,4.359,26.9,26.1613022906715,93.28,2021,1.8060590335809203,1.881277671395116
OMN,Oman,Arab States,6.500495535800399,40.29191920598753,38.46154022216797,9.873258216362032,15.319682394725398,80.1239942103569,1.9,34.2,37.7946970332928,56.63,2021,0.3718793180614023,0.134385198674741
PAK,Pakistan,Asia and the Pacific,10.63333225250244,80.27600465070682,37.17948532104492,7.28366745177349,19.29397128575983,37.9333395514173,6.338,29.6,64.4007952670343,53.14,2021,-0.616662829718568,-0.5060233450299079
PAN,Panama,Americas,4.661962509155273,33.49507494641909,51.28205108642578,9.649292280118019,15.284629753052794,65.8092302689169,10.177,50.9,39.7919608549134,70.06,2021,0.1366014828182946,-0.126284252519836
PNG,Papua New Guinea,Asia and the Pacific,10.34617519378662,78.7456428859309,30.76922988891602,7.866560761454091,16.119384520009646,14.4398342822353,3.03,34.2,55.1205723822279,75.12,2021,-0.8532576525630254,-0.0641894651545226
PRY,Paraguay,Americas,6.417139530181885,47.48617217162468,48.71794891357422,8.695829933929604,15.71525454713771,67.3058612772421,7.311,44.6,44.7934833885474,66.48,2021,0.2463879241030289,0.0105072630086759
PER,Peru,Americas,7.098518371582031,46.95143374664541,55.12820434570313,8.828670286839683,17.316730724914255,83.9480118272361,5.097,40.3,38.0306341699685,68.29,2021,-0.81140654132394,-0.8661882202921602
PHL,Philippines,Asia and the Pacific,7.842455863952637,66.35549546739269,58.97435760498047,8.156334059911922,18.543791349539063,54.4504102510776,3.398,40.7,46.0999347647852,54.36,2021,-0.2157000737290614,-0.5138814729451677
POL,Poland,Europe and Central Asia,5.510272026062012,18.9866788321338,55.12820434570313,9.832877865219565,17.42592996799834,59.8096513205543,3.268,28.9,23.4264752303625,71.16,2021,0.5414076334801461,0.3834304875801794
PRT,Portugal,Europe and Central Asia,3.813815355300903,6.230505333450044,66.66666412353516,10.115062484926016,16.15363961313916,61.0951249296597,6.712,36.3,20.6808072078681,89.89,2021,1.0103787554033028,0.9075780718539012
QAT,Qatar,Arab States,6.804503562827048,38.43358816890134,48.71794891357422,11.180984057382188,14.733763762927818,99.203408908243,0.14,34.2,18.6919562612343,57.4,2021,1.6639227105431975,1.7278671800922838
COG,Republic of the Congo,Africa,7.990757942199707,76.79932769368234,28.20512771606445,7.830887574478043,15.589137284861842,63.6179125824196,21.998,34.2,74.6398403667856,61.17,2021,-0.5115331116908979,-0.6435257943415179
ROU,Romania,Europe and Central Asia,7.549961566925049,25.88511146501303,57.69230651855469,9.609719019452168,16.766353200369704,52.2321512130811,5.59,32.3,24.9291569738603,75.09,2021,0.8994174153796778,0.7537434862402344
RUS,Russia,Europe and Central Asia,13.01579189300537,59.89323334347669,24.35897445678711,9.42754868832849,18.790496311473028,74.7516840220252,4.749,33.9,26.6288739619444,51.29,2021,0.194061803547393,-0.2502911867315589
RWA,Rwanda,Africa,4.252303600311279,52.93682500368358,50.0,6.722081925504843,16.407420947577464,26.1049092762833,15.775,34.2,66.9048512382529,49.34,2021,-0.7807926969126424,-0.9509340952512249
SAU,Saudi Arabia,Arab States,21.26152055941187,52.52693922776848,48.71794891357422,10.371043355973159,17.242518106382246,83.9716349986538,6.621,34.2,34.9241419897621,37.27,2021,1.431822136358786,2.115382190205693
SEN,Senegal,Africa,2.941902160644531,52.85804597239245,39.74359130859375,7.377200483289398,16.66163246219756,52.2260292191155,3.436,36.2,70.1341297849447,74.78,2021,-0.5645463856613391,-0.1957187895867665
SRB,Serbia,Europe and Central Asia,7.015529632568359,34.40828436312224,56.41025543212891,9.177975017064224,15.73746855950299,61.363899230957,9.843,32.8,22.4246201913474,67.97,2021,0.7930107361563627,0.479282450037532
SLE,Sierra Leone,Africa,3.402239561080933,55.3283512620345,33.33333206176758,6.787164256739964,15.906708101272343,43.7345385973699,3.551,35.7,68.598731169323,70.39,2021,-0.9897287802521264,-1.2919750746854013
SGP,Singapore,Asia and the Pacific,2.133502960205078,24.37726324845873,47.43589782714844,11.290495769110379,15.511780447963556,100.0,4.64,34.2,16.1021404995995,44.8,2021,2.1065811568357717,1.6032481919722967
SVK,Slovakia,Europe and Central Asia,7.651405811309814,16.3875057300348,57.69230651855469,10.004433377285704,15.510621084978716,53.1901479870605,6.894,24.1,23.8027259337953,76.98,2021,0.9213952872833722,0.8227485007009144
SVN,Slovenia,Europe and Central Asia,4.448514461517334,8.860574779786777,56.41025543212891,10.28171301371863,14.561288138587418,55.3046289429588,4.744,24.3,23.5414429503015,76.9,2021,0.5097033529322691,0.4691513541467992
SOM,Somalia,Africa,6.173291206359863,98.36658293844783,17.94871711730957,6.310021899687181,16.664564365040853,52.9060649733324,19.662,34.2,92.9482332241546,44.53,2021,-1.6844518983574976,-1.7393148888010048
ZAF,South Africa,Africa,2.662498235702515,52.19647760057009,52.56410217285156,8.829044263187154,17.934590073343788,63.4503925883909,34.007,54.1,39.6319124407365,78.41,2021,-0.2189006733295094,-0.5829829460178518
KOR,South Korea,Asia and the Pacific,3.502935409545898,28.60360372429959,38.46154022216797,10.532615104792185,17.76231250338371,81.1616526507785,3.639,32.9,16.4941683956095,76.57,2021,0.6825674486829059,1.0410242553891491
ESP,Spain,Europe and Central Asia,2.312372207641602,10.37075274872592,62.82051467895508,10.335285475132922,17.67505687433268,79.7846242983598,14.914,33.6,20.9847212712219,79.56,2021,1.2203594748401505,1.2338291627446645
LKA,Sri Lanka,Asia and the Pacific,6.470595836639404,55.74424337266002,48.71794891357422,8.293540110351062,16.913618943269633,19.8266275195269,4.981,37.7,34.9053110264527,57.8,2021,-0.5040187762426058,-0.5659873044887258
SDN,Sudan,Africa,3.974432945251465,82.44609683714181,25.64102554321289,6.569652526780859,17.68810486861246,34.6421563427994,11.087,34.2,73.8406256230027,47.07,2021,-1.8651467766941685,-1.744830461369577
SWE,Sweden,Europe and Central Asia,0.5693487524986267,7.408663581648714,62.82051467895508,11.012850868518953,16.158835594112453,88.1741651958315,8.803,31.6,28.3978109129656,92.76,2021,1.1622448940350272,0.8871612668938238
CHE,Switzerland,Europe and Central Asia,0.4981281459331512,13.63821269940874,50.0,11.447488125825933,15.979356090772335,84.2006477608879,5.013,33.8,22.8494140716122,89.45,2021,1.9834704234813172,0.904309747328052
SYR,Syria,Arab States,8.733797199233372,83.36540207865447,46.15384674072266,6.4992067906995175,16.889538167272466,73.0125007629395,14.887,26.4,53.7813669018843,29.37,2021,-1.357838408814916,-1.1873560198056368
TJK,Tajikistan,Europe and Central Asia,13.95576953887939,66.5189308865272,35.89743423461914,6.799889464763192,16.114781063778487,26.1991525151375,7.687,39.5,60.8212171124291,44.48,2021,-0.7670955896731305,-1.0115493536145472
TZA,Tanzania,Africa,2.85969066619873,53.25923415064766,42.30769348144531,7.056913431759978,17.95594979765054,34.3500111758619,1.876,40.5,80.1140132089043,59.31,2021,-1.1262147436279677,-1.314398558975017
THA,Thailand,Asia and the Pacific,5.741637706756592,46.47405711479566,55.12820434570313,8.861946409870136,18.088382446315606,58.5087776184082,1.215,34.3,22.3295675652775,54.78,2021,0.5280981896847737,0.2832096490991842
TLS,Timor-Leste,Asia and the Pacific,6.050777912139893,51.16248236688981,34.61538314819336,7.895781112282153,14.115718848741459,28.7927371734472,2.344,34.2,59.9817469749623,70.89,2021,0.0128196384215689,0.2312281889928012
TGO,Togo,Africa,3.349859714508057,56.53166083649204,33.33333206176758,6.870131485090796,15.9991296658931,42.3105904515122,2.344,37.9,71.789383117272,70.41,2021,-0.7880691807232454,-1.0604215051732258
TTO,Trinidad and Tobago,Americas,4.73182487487793,37.66678509053699,48.71794891357422,9.782086145300505,14.12853795677171,53.9421278853848,4.446,34.2,26.2908121376977,78.45,2021,-0.2067250862231684,-0.6163370155030882
TUN,Tunisia,Africa,2.316662788391113,47.91602792905335,47.43589782714844,8.270765471382205,16.30446093751226,69.3997523770568,16.632,33.7,37.5462528727998,70.47,2021,0.1993298411355642,0.3713524795737213
TUR,Türkiye,Europe and Central Asia,15.64948081970215,50.72086366880331,48.71794891357422,9.208615283277265,18.248079618319345,89.1762048153239,11.969,44.5,33.0443423061081,50.21,2021,0.4838264214200121,0.6617544506698761
TKM,Turkmenistan,Europe and Central Asia,11.87536239624023,47.1986831059657,25.64102554321289,8.652475947035217,15.774484150330707,47.0581410301711,4.458,34.2,48.8153220114299,19.97,2021,0.1378983986606021,-0.1635715535437247
UGA,Uganda,Africa,4.151514053344727,61.91963896078666,46.15384674072266,6.784221421236688,17.64221379482615,29.2362957789022,3.416,42.7,84.1127394199539,58.81,2021,-1.1582817112297024,-0.8737342369188443
UKR,Ukraine,Europe and Central Asia,12.79318714141846,47.6678485055043,51.28205108642578,8.471556667456065,17.606464557343905,69.4027032653896,9.834,25.6,22.4470756964017,67.04,2021,-0.0019923197013267,-0.0892828168556196
ARE,United Arab Emirates,Arab States,13.36672792369608,39.53565547634503,50.0,10.694657247540084,16.07468207201559,85.3571908511355,3.105,26.4,20.1635276749887,56.87,2021,1.4900304432018765,1.4314150518477569
GBR,United Kingdom,Europe and Central Asia,1.803719639778137,14.32478349931668,67.94871520996094,10.772526850267113,18.01996435779534,82.9886431523641,4.864,32.4,28.1099435580232,78.41,2021,1.2718487208788636,0.766375764771317
USA,United States of America,Americas,3.29526686668396,24.53286232027338,66.66666412353516,11.15918978168428,19.620945966683962,80.0074765140272,5.349,41.7,27.7547960619839,76.07,2021,0.9186736890129936,1.076674654919945
URY,Uruguay,Americas,1.888077855110168,27.36295777339049,56.41025543212891,9.79159568289649,15.038313752411074,95.4497146606445,9.328,40.6,29.8560332633863,83.62,2021,0.7023212457429714,0.9930668074036236
UZB,Uzbekistan,Europe and Central Asia,7.440157890319824,55.61295624326335,46.15384674072266,7.722907521529986,17.34901307653998,50.9269905090332,5.364,31.2,46.8507465420305,49.26,2021,-0.9875725509511656,-0.6976933251681942
VEN,Venezuela,Americas,9.482327461242676,65.93537972493316,26.92307662963867,7.603865056463794,17.15617302003663,89.1766444746891,7.027,34.2,42.7815450956107,52.4,2021,-0.3152659513578872,-0.1162373677135555
VNM,Viet Nam,Asia and the Pacific,4.067520141601563,43.85915458554874,47.43589782714844,8.217490779011687,18.409974627465175,36.6540656426603,2.383,36.1,35.6284444879672,21.54,2021,-0.4440124741554448,-1.5312937735767205
ZMB,Zambia,Africa,5.092990398406982,58.14770101377757,44.87179565429688,7.02834395623479,16.791224188892453,44.2353731410926,5.197,51.5,77.592886856316,61.79,2021,-1.106758606172648,-0.9178938208353012
ZWE,Zimbabwe,Africa,4.981103897094727,74.78381284969208,26.92307662963867,7.868868474420004,16.575343963428544,37.8692058859373,9.54,50.3,76.7868158677835,56.88,2021,-0.9062976853213236,-0.8233015117969543
