iso3,country_name,region,population,prevalence_per_1k,estimated_number,vulnerability_total,govt_response_total
AFG,Afghanistan,Asia and the Pacific,38928000,12.9599723815918,505000.0,86.1662322798377,
ALB,Albania,Europe and Central Asia,2878000,11.81394481658936,34000.0,39.50559814524699,61.53845977783203
DZA,Algeria,Africa,43851000,1.922730684280396,84000.0,43.05974622669564,35.89743423461914
AGO,Angola,Africa,32866000,4.136548519134521,136000.0,61.07281247183403,43.58974456787109
ATG,Antigua and Barbuda,Americas,98000,,,,43.58974456787109
ARG,Argentina,Americas,45196000,4.178747653961182,189000.0,35.51249048667636,57.69230651855469
ARM,Armenia,Europe and Central Asia,2963000,8.938274383544922,26000.0,48.14495723761485,53.84615325927734
AUS,Australia,Asia and the Pacific,25500000,1.609539031982422,41000.0,6.81399870378826,66.66666412353516
AUT,Austria,Europe and Central Asia,9006000,1.855276346206665,17000.0,8.004145492813043,61.53845977783203
AZE,Azerbaijan,Europe and Central Asia,10139000,10.56178951263428,107000.0,56.89814924585747,58.97435760498047
BHS,Bahamas,Americas,393000,,,,52.56410217285156
BHR,Bahrain,Arab States,1702000,6.736337385130479,11000.0,40.31263365089431,55.12820434570313
BGD,Bangladesh,Asia and the Pacific,164689000,7.056299209594727,1162000.0,58.09061074311966,48.71794891357422
BRB,Barbados,Americas,287000,,,,41.02564239501953
BLR,Belarus,Europe and Central Asia,9449000,11.34423828125,107000.0,41.05485713028258,47.43589782714844
BEL,Belgium,Europe and Central Asia,11590000,0.9710318446159363,11000.0,10.80593386164617,58.97435760498047
BLZ,Belize,Americas,398000,,,,44.87179565429688
BEN,Benin,Africa,12123000,3.042785406112671,37000.0,48.04940072709778,39.74359130859375
BOL,Bolivia,Americas,11673000,7.15239953994751,83000.0,46.69743586023478,47.43589782714844
BIH,Bosnia and Herzegovina,Europe and Central Asia,3281000,10.08794212341309,33000.0,36.17146455125945,57.69230651855469
BWA,Botswana,Africa,2352000,1.842855215072632,4000.0,44.94726294166183,42.30769348144531
BRA,Brazil,Americas,212559000,4.954716682434082,1053000.0,46.8682578663542,51.28205108642578
BRN,Brunei Darussalam,Asia and the Pacific,437000,,,,34.61538314819336
BGR,Bulgaria,Europe and Central Asia,6948000,8.48421573638916,59000.0,25.8851176750635,55.12820434570313
BFA,Burkina Faso,Africa,20903000,3.701391696929932,77000.0,55.57506286686467,35.89743423461914
BDI,Burundi,Africa,11891000,7.5060715675354,89000.0,76.69894916041535,29.48717880249023
KHM,Cambodia,Asia and the Pacific,16719000,4.982629299163818,83000.0,57.6433208103472,42.30769348144531
CMR,Cameroon,Africa,26546000,5.846192359924316,155000.0,70.47543238772427,41.02564239501953
CAN,Canada,Americas,37742000,1.82606041431427,69000.0,10.71290950739265,60.25640869140625
CPV,Cape Verde,Africa,0,,,,30.76922988891602
CAF,Central African Republic,Africa,4830000,5.247385025024414,25000.0,97.66674312431343,26.92307662963867
TCD,Chad,Africa,16426000,5.881432056427002,97000.0,83.53713091668155,24.35897445678711
CHL,Chile,Americas,19116000,3.173375844955444,61000.0,22.08558806059161,55.12820434570313
CHN,China,Asia and the Pacific,1439324000,4.009806632995605,5771000.0,45.54358168885896,39.74359130859375
COL,Colombia,Americas,50883000,7.808035373687744,397000.0,51.39640023080491,46.15384674072266
CRI,Costa Rica,Americas,5094000,3.193997383117676,16000.0,23.81494490419098,51.28205108642578
CIV,Côte d'Ivoire,Africa,26378000,7.312020301818848,193000.0,58.62020435305695,37.17948532104492
HRV,Croatia,Europe and Central Asia,4105000,5.243167400360107,22000.0,29.538748428724,58.97435760498047
CUB,Cuba,Americas,11327000,5.406132221221924,61000.0,42.7427347153312,30.76922988891602
CYP,Cyprus,Europe and Central Asia,1207000,8.044442176818848,10000.0,21.32731000402713,57.69230651855469
CZE,Czechia,Europe and Central Asia,10709000,4.240109443664551,45000.0,12.54070674503732,58.97435760498047
COD,Democratic Republic of the Congo,Africa,89561000,4.547229290008545,407000.0,93.9707444032815,35.89743423461914
DNK,Denmark,Europe and Central Asia,5792000,0.6420400738716125,4000.0,5.730842414973912,61.53845977783203
DJI,Djibouti,Africa,988000,7.135610103607178,7000.0,57.22944943385414,35.89743423461914
DOM,Dominican Republic,Americas,10848000,6.632640838623047,72000.0,40.7564368960251,46.15384674072266
ECU,Ecuador,Americas,17643000,7.63454008102417,135000.0,48.22622081398305,51.28205108642578
EGY,Egypt,Africa,102334000,4.315521240234375,442000.0,58.9061160218451,43.58974456787109
SLV,El Salvador,Americas,6486000,8.082976341247559,52000.0,52.47724165430058,44.87179565429688
GNQ,Equatorial Guinea,Africa,1403000,7.812037944793701,11000.0,68.87411981435966,21.79487228393555
ERI,Eritrea,Africa,3546000,90.28486633300781,320000.0,65.7164279135385,5.128205299377441
EST,Estonia,Europe and Central Asia,1327000,4.113351345062256,5000.0,15.34476157802643,56.41025543212891
SWZ,Eswatini,Africa,1160000,3.604331970214844,4000.0,59.38274135854581,35.89743423461914
ETH,Ethiopia,Africa,114964000,6.31956148147583,727000.0,67.22511824075579,44.87179565429688
FJI,Fiji,Asia and the Pacific,896000,,,,46.15384674072266
FIN,Finland,Europe and Central Asia,5541000,1.412570953369141,8000.0,5.416905107345813,60.25640869140625
FRA,France,Europe and Central Asia,65274000,2.061271667480469,135000.0,13.25262384676886,61.53845977783203
GAB,Gabon,Africa,2226000,7.609169483184814,17000.0,58.98436584009715,24.35897445678711
GMB,Gambia,Africa,2417000,6.546003341674805,16000.0,57.54879669703229,35.89743423461914
GEO,Georgia,Europe and Central Asia,3989000,7.793662071228027,31000.0,37.89671735119825,61.53845977783203
DEU,Germany,Europe and Central Asia,83784000,0.5649979114532471,47000.0,10.65647740958336,61.53845977783203
GHA,Ghana,Africa,31073000,2.932558059692383,91000.0,45.05815546676001,44.87179565429688
GRC,Greece,Europe and Central Asia,10423000,6.368064880371094,66000.0,20.89470876680199,61.53845977783203
GTM,Guatemala,Americas,17916000,7.820735931396484,140000.0,57.35570497341147,47.43589782714844
GIN,Guinea,Africa,13133000,4.023453235626221,53000.0,65.57711372844109,35.89743423461914
GNB,Guinea-Bissau,Africa,1968000,4.495571136474609,9000.0,80.0575807109044,33.33333206176758
GUY,Guyana,Americas,787000,4.188868522644043,3000.0,40.97456782269074,51.28205108642578
HTI,Haiti,Americas,11403000,8.21799087524414,94000.0,66.38134261556087,37.17948532104492
HND,Honduras,Americas,9905000,6.95623779296875,69000.0,61.9891303997632,47.43589782714844
HKG,Hong Kong,Asia and the Pacific,7497000,2.762860774993896,21000.0,28.2149097296573,32.0512809753418
HUN,Hungary,Europe and Central Asia,9660000,6.565171718597412,63000.0,18.92211530903652,55.12820434570313
ISL,Iceland,Europe and Central Asia,341000,,,,47.43589782714844
IND,India,Asia and the Pacific,1380004000,8.007246017456055,11050000.0,55.9801094613487,46.15384674072266
IDN,Indonesia,Asia and the Pacific,273524000,6.702832221984863,1833000.0,48.63253801383483,50.0
IRN,Iran,Asia and the Pacific,83993000,7.104307174682617,597000.0,68.45613063573391,7.692307472229004
IRQ,Iraq,Arab States,40223000,5.49226226733973,221000.0,82.30540812527585,33.33333206176758
IRL,Ireland,Europe and Central Asia,4938000,1.101991295814514,5000.0,9.333911783690326,62.82051467895508
ISR,Israel,Europe and Central Asia,8656000,3.792859554290771,33000.0,35.43303812106679,44.87179565429688
ITA,Italy,Europe and Central Asia,60462000,3.26297926902771,197000.0,21.69834077845412,58.97435760498047
JAM,Jamaica,Americas,2961000,7.287474155426025,22000.0,45.1316666188503,51.28205108642578
JPN,Japan,Asia and the Pacific,126476000,1.140809535980225,144000.0,11.43464895336334,43.58974456787109
JOR,Jordan,Arab States,10203000,10.005855967217204,102000.0,49.29815803249815,46.15384674072266
KAZ,Kazakhstan,Europe and Central Asia,18777000,11.06179714202881,208000.0,42.07077800139496,46.15384674072266
KEN,Kenya,Africa,53771000,5.003462791442871,269000.0,66.17329184364702,46.15384674072266
XKX,Kosovo,Europe and Central Asia,0,8.021943092346191,14000.0,40.35852075960894,44.5945930480957
KWT,Kuwait,Arab States,4271000,12.959253188009185,55000.0,38.91413149706471,37.17948532104492
KGZ,Kyrgyzstan,Europe and Central Asia,6524000,8.725506782531738,57000.0,54.72198722532689,47.43589782714844
LAO,Lao PDR,Asia and the Pacific,7276000,5.161807537078857,38000.0,51.53891224566895,46.15384674072266
LVA,Latvia,Europe and Central Asia,1886000,3.378555059432983,6000.0,16.83542015269315,58.97435760498047
LBN,Lebanon,Arab States,6825000,7.567281429788705,52000.0,59.97991052358088,33.33333206176758
LSO,Lesotho,Africa,2142000,1.646948337554932,4000.0,59.40494354074929,39.74359130859375
LBR,Liberia,Africa,5058000,3.14580249786377,16000.0,56.064437896472,41.02564239501953
LBY,Libya,Africa,6871000,6.821667194366455,47000.0,80.29537378734653,10.25641059875488
LIE,Liechtenstein,Europe and Central Asia,0,,,,30.76922988891602
LTU,Lithuania,Europe and Central Asia,2722000,6.085984230041504,17000.0,21.26974150587318,57.69230651855469
LUX,Luxembourg,Europe and Central Asia,626000,,,,51.28205108642578
MDG,Madagascar,Africa,27691000,4.572755336761475,127000.0,59.62871737089615,42.30769348144531
MWI,Malawi,Africa,19130000,4.865484237670898,93000.0,54.87604283540575,38.46154022216797
MYS,Malaysia,Asia and the Pacific,32366000,6.255043506622314,202000.0,37.15885008690078,44.87179565429688
MDV,Maldives,Asia and the Pacific,541000,,,,37.17948532104492
MLI,Mali,Africa,20251000,5.233090400695801,106000.0,72.71234300654032,30.76922988891602
MLT,Malta,Europe and Central Asia,442000,,,,48.71794891357422
MRT,Mauritania,Africa,4650000,32.01548385620117,149000.0,66.12226331919237,34.61538314819336
MUS,Mauritius,Africa,1272000,1.507123351097107,2000.0,19.93046737136174,35.89743423461914
MEX,Mexico,Americas,128933000,6.589330673217773,850000.0,58.08316401415551,55.12820434570313
MDA,Moldova,Europe and Central Asia,4034000,9.474068641662598,38000.0,35.97742784174802,47.43589782714844
MNG,Mongolia,Asia and the Pacific,3278000,4.044466495513916,13000.0,50.12350020691984,39.74359130859375
MNE,Montenegro,Europe and Central Asia,628000,,,,60.25640869140625
MAR,Morocco,Africa,36911000,2.292283058166504,85000.0,44.31475703230105,39.74359130859375
MOZ,Mozambique,Africa,31255000,2.974953413009644,93000.0,67.14662783066453,44.87179565429688
MMR,Myanmar,Asia and the Pacific,54410000,12.07966709136963,657000.0,67.43775615436518,42.30769348144531
NAM,Namibia,Africa,2541000,2.351321458816528,6000.0,46.9669209138301,43.58974456787109
NPL,Nepal,Asia and the Pacific,29137000,3.322043418884277,97000.0,46.35864725919419,44.87179565429688
NLD,Netherlands,Europe and Central Asia,17135000,0.5684135556221008,10000.0,5.964194030445371,66.66666412353516
NZL,New Zealand,Asia and the Pacific,4822000,1.611743211746216,8000.0,7.816283510458578,53.84615325927734
NIC,Nicaragua,Americas,6625000,7.343417167663574,49000.0,53.92314317197637,35.89743423461914
NER,Niger,Africa,24207000,4.645125389099121,112000.0,75.84613659508516,37.17948532104492
NGA,Nigeria,Africa,206140000,7.81476354598999,1611000.0,75.78220042253054,53.84615325927734
PRK,North Korea,Asia and the Pacific,25779000,104.6,2696000.0,67.01499449667587,-2.564102649688721
MKD,North Macedonia,Europe and Central Asia,2083000,12.60249519348145,26000.0,38.11045542186494,57.69230651855469
NOR,Norway,Europe and Central Asia,5421000,0.5151357054710388,3000.0,1.0,62.82051467895508
OMN,Oman,Arab States,5107000,6.500495535800399,33000.0,40.29191920598753,38.46154022216797
PAK,Pakistan,Asia and the Pacific,220892000,10.63333225250244,2349000.0,80.27600465070682,37.17948532104492
PLW,Palau,Asia and the Pacific,0,,,,26.92307662963867
PAN,Panama,Americas,4315000,4.661962509155273,20000.0,33.49507494641909,51.28205108642578
PNG,Papua New Guinea,Asia and the Pacific,8947000,10.34617519378662,93000.0,78.7456428859309,30.76922988891602
PRY,Paraguay,Americas,7133000,6.417139530181885,46000.0,47.48617217162468,48.71794891357422
PER,Peru,Americas,32972000,7.098518371582031,234000.0,46.95143374664541,55.12820434570313
PHL,Philippines,Asia and the Pacific,109581000,7.842455863952637,859000.0,66.35549546739269,58.97435760498047
POL,Poland,Europe and Central Asia,37847000,5.510272026062012,209000.0,18.9866788321338,55.12820434570313
PRT,Portugal,Europe and Central Asia,10197000,3.813815355300903,39000.0,6.230505333450044,66.66666412353516
QAT,Qatar,Arab States,2881000,6.804503562827048,20000.0,38.43358816890134,48.71794891357422
COG,Republic of the Congo,Africa,5518000,7.990757942199707,44000.0,76.79932769368234,28.20512771606445
ROU,Romania,Europe and Central Asia,19238000,7.549961566925049,145000.0,25.88511146501303,57.69230651855469
RUS,Russia,Europe and Central Asia,145934000,13.01579189300537,1899000.0,59.89323334347669,24.35897445678711
RWA,Rwanda,Africa,12952000,4.252303600311279,55000.0,52.93682500368358,50.0
LCA,Saint Lucia,Americas,184000,,,,51.28205108642578
VCT,Saint Vincent and the Grenadines,Americas,111000,,,,44.87179565429688
SAU,Saudi Arabia,Arab States,34814000,21.26152055941187,740000.0,52.52693922776848,48.71794891357422
SEN,Senegal,Africa,16744000,2.941902160644531,49000.0,52.85804597239245,39.74359130859375
SRB,Serbia,Europe and Central Asia,8737000,7.015529632568359,61000.0,34.40828436312224,56.41025543212891
SYC,Seychelles,Africa,98000,,,,33.33333206176758
SLE,Sierra Leone,Africa,7977000,3.402239561080933,27000.0,55.3283512620345,33.33333206176758
SGP,Singapore,Asia and the Pacific,5850000,2.133502960205078,12000.0,24.37726324845873,47.43589782714844
SVK,Slovakia,Europe and Central Asia,5460000,7.651405811309814,42000.0,16.3875057300348,57.69230651855469
SVN,Slovenia,Europe and Central Asia,2079000,4.448514461517334,9000.0,8.860574779786777,56.41025543212891
SLB,Solomon Islands,Asia and the Pacific,687000,,,,30.76922988891602
SOM,Somalia,Africa,15893000,6.173291206359863,98000.0,98.36658293844785,17.94871711730957
ZAF,South Africa,Africa,59309000,2.662498235702515,158000.0,52.19647760057009,52.56410217285156
KOR,South Korea,Asia and the Pacific,51269000,3.502935409545898,180000.0,28.60360372429959,38.46154022216797
SSD,South Sudan,Africa,11194000,10.29315185546875,115000.0,100.0,
ESP,Spain,Europe and Central Asia,46755000,2.312372207641602,108000.0,10.37075274872592,62.82051467895508
LKA,Sri Lanka,Asia and the Pacific,21413000,6.470595836639404,139000.0,55.74424337266002,48.71794891357422
SDN,Sudan,Africa,43849000,3.974432945251465,174000.0,82.44609683714181,25.64102554321289
SUR,Suriname,Americas,587000,,,,30.76922988891602
SWE,Sweden,Europe and Central Asia,10099000,0.5693487524986267,6000.0,7.408663581648714,62.82051467895508
CHE,Switzerland,Europe and Central Asia,8655000,0.4981281459331512,4000.0,13.63821269940874,50.0
SYR,Syria,Arab States,17501000,8.733797199233372,153000.0,83.36540207865447,
TWN,Taiwan,Asia and the Pacific,23817000,1.68527090549469,40000.0,21.33333581231985,47.29729843139648
TJK,Tajikistan,Europe and Central Asia,9538000,13.95576953887939,133000.0,66.5189308865272,35.89743423461914
TZA,Tanzania,Africa,59734000,2.85969066619873,171000.0,53.25923415064766,42.30769348144531
THA,Thailand,Asia and the Pacific,69800000,5.741637706756592,401000.0,46.47405711479566,55.12820434570313
TLS,Timor-Leste,Asia and the Pacific,1318000,6.050777912139893,8000.0,51.16248236688981,34.61538314819336
TGO,Togo,Africa,8279000,3.349859714508057,28000.0,56.53166083649204,33.33333206176758
TTO,Trinidad and Tobago,Americas,1399000,4.73182487487793,7000.0,37.66678509053699,48.71794891357422
TUN,Tunisia,Africa,11819000,2.316662788391113,27000.0,47.91602792905335,47.43589782714844
TUR,Türkiye,Europe and Central Asia,84339000,15.64948081970215,1320000.0,50.72086366880331,48.71794891357422
TKM,Turkmenistan,Europe and Central Asia,6031000,11.87536239624023,72000.0,47.1986831059657,25.64102554321289
UGA,Uganda,Africa,45741000,4.151514053344727,190000.0,61.91963896078666,46.15384674072266
UKR,Ukraine,Europe and Central Asia,43734000,12.79318714141846,559000.0,47.6678485055043,51.28205108642578
ARE,United Arab Emirates,Arab States,9890000,13.36672792369608,132000.0,39.53565547634503,50.0
GBR,United Kingdom,Europe and Central Asia,67886000,1.803719639778137,122000.0,14.32478349931668,67.94871520996094
USA,United States of America,Americas,331003000,3.29526686668396,1091000.0,24.53286232027338,66.66666412353516
URY,Uruguay,Americas,3474000,1.888077855110168,7000.0,27.36295777339049,56.41025543212891
UZB,Uzbekistan,Europe and Central Asia,33469000,7.440157890319824,249000.0,55.61295624326335,46.15384674072266
VUT,Vanuatu,Asia and the Pacific,307000,,,,25.64102554321289
VEN,Venezuela,Americas,28436000,9.482327461242676,270000.0,65.93537972493316,26.92307662963867
VNM,Viet Nam,Asia and the Pacific,97339000,4.067520141601563,396000.0,43.85915458554874,47.43589782714844
YEM,Yemen,Arab States,29826000,6.049450596413327,180000.0,89.17143037261243,
ZMB,Zambia,Africa,18384000,5.092990398406982,94000.0,58.14770101377757,44.87179565429688
ZWE,Zimbabwe,Africa,14863000,4.981103897094727,74000.0,74.78381284969208,26.92307662963867
