iso3,gdp_per_capita,population,urban_share,unemployment,youth_dep_ratio,gini,year
ABW,26749.3296093118,107700,61.9275339886843,,26.7292414768395,,2021
AFE,1562.41617477738,713090928,36.9085426088519,8.40741154700022,73.8284241565364,,2021
AFG,356.496214115892,40000412,25.3478620272481,12.006,81.7057602287166,,2021
AFW,2112.79407637079,485920997,51.0723969922682,4.66663403105227,77.9096731305705,,2021
AGO,2303.90812662776,34532429,68.2524163556969,15.799,85.7930144236442,51.3,2021
ALB,7242.45513146613,2489762,57.5077187031778,11.474,25.7805107952401,29.4,2021
AND,42425.7066454357,78364,88.6627318165299,,18.0213385063046,,2021
ARB,6697.41498492196,460646603,59.112484714184,10.8627489086684,53.9328725095142,,2021
ARE,44118.5047192771,9575152,85.3571908511355,3.105,20.1635276749887,26.4,2021
ARG,10738.0179223384,45312281,92.0292776175651,8.736,35.8386839470968,40.7,2021
ARM,4685.17997128509,2962300,65.3572875314441,15.469,29.767715315933,27.9,2021
ASM,15236.1604875571,49225,82.2127091544092,,44.7512767164744,,2021
ATG,17348.6006987182,92349,24.574983819566,,26.5862042624704,,2021
AUS,60758.9044397144,25685412,87.2353407632761,5.022,28.4192188433023,33.8,2021
AUT,53648.6437976214,8955797,68.773601700253,6.459,21.7005580404786,30.9,2021
AZE,5408.04535175023,10137750,58.3659969744818,6.04,33.2032371548007,,2021
BDI,264.980379269655,12965481,21.1108861865354,1.118,91.1800223073572,37.5,2021
BEL,51658.238294958,11586195,87.4305564090635,6.248,26.1218493839824,26.4,2021
BEN,1318.65158075198,13413417,50.1961807561354,1.833,77.7189255065446,34.4,2021
BFA,895.535288442991,21995243,26.8114307743017,4.511,80.7296340232728,37.4,2021
BGD,2482.84917843357,167658854,31.3992156886061,5.457,44.763273732564,30.9,2021
BGR,12966.1457543396,6507301,73.346765618041,5.166,22.6962456926934,38.2,2021
BHR,27147.8083882286,1504365,100.0,1.548,24.9740542940789,,2021
BHS,30367.8605757708,396373,81.4784235345083,11.078,27.4306811114165,,2021
BIH,7295.34378682258,3244907,50.4899479477034,14.897,20.4767423464444,30.3,2021
BLR,7489.71894713888,9302585,78.131086803694,3.9,25.5366396095857,24.4,2021
BLZ,6142.98930557031,395346,42.3910809205294,10.302,42.2092685667316,39.9,2021
BMU,112765.08167306,64648,100.0,,21.6434644492198,,2021
BOL,4010.76053686204,11937360,70.3450412826165,5.089,48.34344971779,41.2,2021
BRA,7972.53696080695,209550294,87.1360781715439,13.158,29.4041192944533,51.9,2021
BRB,21079.6145271791,282147,59.3220365433819,11.015,26.7817371937639,,2021
BRN,31006.9636289785,451721,74.7667316936175,4.905,29.3368596932797,,2021
BTN,3570.61257980872,775442,40.3075199874379,4.803,31.8389028849619,28.5,2021
BWA,7807.88794570471,2401441,66.5182767068255,23.106,51.2788923780216,,2021
CAF,492.263142830507,5112100,42.8547782897949,6.701,100.468231824283,43.0,2021
CAN,52886.6616372703,38239864,82.1779279079275,7.527,23.9348837860225,31.5,2021
CEB,19223.9274030651,100205732,61.5491099540844,4.44508031221282,23.8186969309847,,2021
CHE,93664.7736696111,8704546,84.2006477608879,5.013,22.8494140716122,33.8,2021
CHI,66915.3963925722,166741,32.8148141071941,6.643,22.3794877378263,,2021
CHL,16206.8325493421,19456334,88.4660511664452,9.281,26.2471024942684,43.2,2021
CHN,12887.4357242941,1412360000,64.721076965332,4.55,25.402749711839,36.0,2021
CIV,2455.98127641148,29639736,52.3183461956059,2.623,75.6222731959684,35.3,2021
CMR,1672.32657340872,26915758,54.5548664463635,3.976,77.0525896349656,42.2,2021
COD,595.743074403567,99148932,43.6290681792218,5.289,90.6795981313049,44.7,2021
COG,2516.16255145432,5892183,63.6179125824196,21.998,74.6398403667856,,2021
COL,6222.62164397614,51188173,77.8339570326128,13.898,30.4315723690048,54.8,2021
COM,1554.97289190153,818174,32.4124444313246,4.394,66.0476230935894,34.2,2021
CPV,3971.44409203423,516649,74.1607930892827,13.932,42.4945493438644,,2021
CRI,12838.1185358931,5059988,77.9868940200009,15.139,29.4856663490438,47.2,2021
CSS,13995.2694921728,4479167,50.1235419064094,9.71327125079923,33.2135962005454,,2021
CUB,,11122168,77.0987701416016,2.11,23.0195179162126,,2021
CUW,17795.5826616182,153948,91.391865832772,,23.1961735152048,,2021
CYM,86449.6749037302,70108,100.0,,21.5393290104314,,2021
CYP,32937.83984375,1317309,66.6718365394971,7.513,22.7903338195133,31.5,2021
CZE,27696.4619527544,10505772,72.6810594374316,2.803,25.3477240765871,25.9,2021
DEU,52349.2459994422,83196078,81.6325870653934,3.594,21.6500899253927,33.7,2021
DJI,3025.91126413549,1121248,72.2882954556515,27.628,46.9477947485842,,2021
DMA,8376.40414141113,67202,72.2613620044042,,26.8228044471257,,2021
DNK,69340.7334922138,5856733,88.2616449318149,5.065,25.439535502029,29.3,2021
DOM,8527.0754858205,11123476,72.9243347395035,7.702,41.8657538884391,37.0,2021
DZA,4160.55926736925,44761099,73.6199218261573,13.656,49.0207030327762,,2021
EAP,9974.57829690175,2128553744,60.3526131684329,4.13328662810016,29.2922704351565,,2021
EAR,3698.98363187847,3432026092,46.3752600779412,6.74359581980053,43.3999366409151,,2021
EAS,13336.4841670883,2375117716,63.2351929830371,4.06219092494547,28.3923395353437,,2021
ECA,6673.97429035651,251867727,68.150425455559,8.95407922243149,35.0408975870756,,2021
ECS,27664.8914080918,924381062,73.6225864414212,6.90008993267541,27.4441682969879,,2021
ECU,6061.32350181711,17682454,63.0871268249117,4.504,39.1491792777126,45.5,2021
EGY,3827.35415374308,110957008,42.5686062621468,7.441,53.477218427384,28.5,2021
EMU,42984.5697414154,347207191,77.0333277900748,7.74091996942336,22.9753427053249,,2021
ERI,,3350183,34.9871139526367,6.489,70.8658900563099,,2021
ESP,30799.4775937775,47443821,79.7846242983598,14.914,20.9847212712219,33.6,2021
EST,27951.1659277744,1330932,70.1777274135822,6.178,25.9264280065878,32.3,2021
ETH,893.00983544905,122138588,22.1067085266113,3.935,70.4849921111863,31.1,2021
EUU,39206.9791776084,446227358,74.6469353508505,7.0265794645481,23.2915438950312,,2021
FCS,1711.40128929758,1016906998,45.2430817899977,6.78144462467384,70.5099985178319,,2021
FIN,53099.1351400148,5541017,73.3710215780329,7.617,25.0594641669866,27.9,2021
FJI,4536.73312110335,916711,57.6618364761928,5.225,42.508588505062,30.7,2021
FRA,43725.0999521245,67842811,78.7364603392338,7.871,27.9482620831353,31.2,2021
FRO,69415.1853254579,53296,38.8083763122559,,33.5132168663679,,2021
FSM,3508.22314197664,111624,22.3928762855411,,52.2143515319051,,2021
GAB,8181.40914134656,2376722,90.7881967286967,21.223,62.2183278828381,,2021
GBR,47691.3768799404,66984000,82.9886431523641,4.864,28.1099435580232,32.4,2021
GEO,5083.60695484577,3708610,59.4293560618005,11.785,33.1674195721638,33.5,2021
GHA,2445.18662529344,32518665,56.6952556826536,3.2,61.8544114062139,,2021
GIB,,36858,100.0,,27.9648916512683,,2021
GIN,1244.96550477914,13710513,36.8502178436256,5.815,76.545488705212,29.6,2021
GMB,781.890925169531,2576010,62.7550706637859,6.213,74.9243062130746,38.8,2021
GNB,926.780921081233,2058841,44.7334136962891,3.016,70.6585628387222,33.4,2021
GNQ,6945.63069794539,1758786,70.6431215020592,8.821,64.517170502802,38.5,2021
GRC,20654.7001960815,10569207,78.3884898647442,14.656,22.2094780887736,33.4,2021
GRD,9617.28902905373,116688,36.2831603706908,,30.15605759807,43.8,2021
GRL,58135.9939910203,56653,87.5452017613678,,29.787341388966,,2021
GTM,4912.62240414681,17598650,54.9047071553758,2.174,53.519938713402,,2021
GUM,38074.8793745801,163730,94.0884327694075,6.0,41.2077186780744,,2021
GUY,9860.87014834386,815482,26.443303961947,14.576,45.660099618301,,2021
HKG,49770.5642374739,7413100,100.0,5.174,16.0239980417723,,2021
HND,2735.14751503977,10289877,57.3550236357547,8.506,49.5296736709661,48.2,2021
HPC,1061.41414950431,870930036,36.4724990615456,4.93435685063582,77.448979400745,,2021
HRV,17788.7865816658,3878981,56.7683502560171,7.483,22.6388560254653,30.0,2021
HTI,1841.33189337222,11374586,53.2460637918026,15.296,51.0303322313356,,2021
HUN,19030.628130329,9630932,70.2059275331413,4.021,22.3978631217659,,2021
IBD,7314.52836425795,4905212516,57.4187341409059,6.31312953704222,33.9660646850211,,2021
IBT,5754.24675079938,6732651035,52.5067410155359,6.1438114050949,42.0473786206406,,2021
IDA,1566.13709936781,1827438519,39.3219635762075,5.59578179046383,67.5712703353523,,2021
IDB,2142.31172674601,639196319,47.0949322895637,5.813781237265,68.8940448337095,,2021
IDN,4287.17313995098,276758053,56.8761702464027,3.827,37.7560824212457,35.5,2021
IDX,1256.19296430735,1188242200,35.1406165500882,5.47334095799464,66.8657135004007,,2021
IMN,94299.969348965,84106,52.1999559660634,,23.7360107196105,,2021
IND,2239.61384367482,1414203896,34.4425517181304,6.38,38.3501503332631,25.5,2021
IRL,103783.446284479,5110585,63.6774229356985,6.357,30.312187619225,29.9,2021
IRN,4605.14881318992,88455488,75.9926376342773,9.282,34.1090457081754,34.8,2021
IRQ,4868.49431080783,43071211,69.8682708740234,16.173,65.0006125825648,,2021
ISL,70425.4064277273,372520,94.2108206403841,6.029,28.0023733219242,26.8,2021
ISR,52270.9040241956,9371400,91.5353517549466,4.812,46.6829436211387,38.3,2021
ITA,36852.5425414951,59133173,69.4812507629394,9.497,19.7960083315913,33.7,2021
JAM,5625.67806271236,2837682,57.5411017937226,5.188,27.5991197762182,39.9,2021
JOR,4183.49998326866,11066356,92.117972910453,19.837,50.9279610459247,,2021
JPN,40094.5599795288,125681593,91.8741049279527,2.808,20.5130132579451,32.3,2021
KAZ,9983.60103576902,19743603,61.030254280267,5.568,46.9900614165434,29.2,2021
KEN,2061.35622089594,53219166,31.2879334021971,5.693,66.1392886812234,38.5,2021
KGZ,1349.99730650542,6851224,34.7521210171204,5.149,53.3393322349761,26.4,2021
KHM,2167.40324198499,16974305,40.1091858128847,0.396,48.3799875774695,,2021
KIR,2222.04819501897,128377,59.6364645301985,,57.7656361961306,27.8,2021
KNA,18361.1449697886,46763,31.5393525093972,,26.383808095952,,2021
KOR,37518.4635305697,51769539,81.1616526507785,3.639,16.4941683956095,32.9,2021
KWT,34018.6342592913,4360865,100.0,2.97,26.2635562513603,,2021
LAC,7970.6164425206,581884231,80.0850327420149,9.16082734268686,35.0577228279923,,2021
LAO,2526.05105018529,7453194,37.338778268357,2.08,48.5479344422381,38.8,2021
LBN,4045.37391066234,5718122,89.965362045441,12.715,43.7423310672882,35.5,2021
LBR,667.96610514319,5259323,53.9224618859098,3.844,73.3832410197848,,2021
LBY,4935.82787349801,7135175,87.8365018271835,19.779,43.7426615598026,,2021
LCA,10459.1321248092,178522,27.4443458949551,20.514,25.3770895924813,,2021
LCN,8291.07156305024,649236072,80.6341871510641,9.14468415154642,34.9684369054226,,2021
LDC,1175.55718251136,1109175268,34.8170450065276,5.7342733352141,69.1798085850037,,2021
LIE,201944.830335076,39182,14.6989159370696,,21.8196488262189,,2021
LKA,3996.96240014909,22156000,19.8266275195269,4.981,34.9053110264527,37.7,2021
LMY,5524.24398933119,6378323939,52.3095923972594,6.20117690908003,42.110012839692,,2021
LSO,1066.58645143823,2261542,40.6551760851997,18.214,58.7238136781976,,2021
LTE,11759.7974990154,2320127638,66.1284353462167,5.50538470000201,27.1782895144056,,2021
LTU,23870.4594851722,2808380,68.1912117004395,7.112,23.2666025530664,36.6,2021
LUX,134965.815442152,640064,94.5861743396533,5.571,22.9782824186717,34.1,2021
LVA,20261.8887788916,1884490,68.1808791463693,7.513,25.3430315171367,33.7,2021
MAC,44884.8961602393,682500,100.0,2.221,19.5881935812857,,2021
MAF,21668.3776525323,29961,100.0,,33.4621492853362,,2021
MAR,3785.93627929688,36954442,62.3173276600289,10.551,40.4626943380251,,2021
MCO,223823.363960226,38527,100.0,,25.6242197253433,,2021
MDA,5274.60582195352,2595809,41.8115425109863,0.794,30.9196947023442,25.9,2021
MDG,483.469463351195,29691083,31.1137123216036,3.498,70.837377069528,36.8,2021
MDV,10176.143882547,516154,40.7398648710483,5.016,27.5782313275206,29.3,2021
MEA,5615.91186098726,767578451,54.8188568175474,9.00366611562493,53.6094765567519,,2021
MEX,10314.0506722115,127648148,78.9324007418057,4.019,38.4421117369035,43.5,2021
MHL,6315.31279603534,41367,77.6163157431143,,55.790174723811,35.5,2021
MIC,6007.32308658146,5802247321,53.9265957422304,6.1975169341469,39.1623889653487,,2021
MKD,7620.80296977508,1837114,61.6841975628139,15.801,26.0727824109174,33.5,2021
MLI,1027.27345365357,22388630,29.7049638253978,4.006,93.1088368786425,35.7,2021
MLT,38096.8360735119,518150,95.5145343617045,3.754,19.4496397058615,34.6,2021
MMR,1242.7213439951,53387102,30.2368812529698,4.34,36.4687191734309,,2021
MNA,2753.47858029524,704458802,51.9157887433595,9.6948074926195,55.8773176899741,,2021
MNE,9317.15520065156,625053,65.3266031317675,16.543,28.6170679095662,34.3,2021
MNG,4517.61578018785,3383741,69.2153244018555,7.871,52.5518688544389,31.4,2021
MNP,19455.50139424,46979,91.7842137303802,,33.2551123030506,,2021
MOZ,509.907829475551,31707800,34.4499259401554,5.413,86.4749562442866,49.6,2021
MRT,1947.78918383313,4734874,57.901535141641,11.131,82.0364959589078,32.0,2021
MUS,9177.71195973013,1266334,39.077147315722,7.719,21.9924548933844,,2021
MWI,617.446994451007,20047258,16.4881925800694,5.652,77.6086151675351,38.5,2021
MYS,10903.1037480772,34282399,75.5088628191907,4.64,33.5878120596581,40.7,2021
NAC,68424.560031595,370404272,80.2350393397056,5.59210979982087,27.3572236574925,,2021
NAM,4412.8355693052,2810548,49.0571881483796,20.931,63.2061272750916,,2021
NCL,35311.5543551452,285214,67.4130776539646,11.574,32.6547476742373,,2021
NER,608.722439593808,24502140,17.2295936666686,0.806,95.7798373028737,32.9,2021
NGA,2787.48779224428,218529286,60.5698545383604,5.404,77.6246977306668,33.9,2021
NIC,2138.38588469449,6644741,58.8592529296875,6.076,46.3935181431637,,2021
NLD,60141.9880911492,17533044,94.6294783220315,4.209,23.8807861681462,25.7,2021
NOR,93072.8925119571,5408320,82.8612877226956,4.359,26.1613022906715,26.9,2021
NPL,1252.75076731986,29475010,66.144235274522,12.241,45.5009112658793,30.0,2021
NRU,14979.099896799,11709,100.0,,64.3318501507105,,2021
NZL,49950.4251691316,5084600,83.8299382585905,3.776,28.975159107884,,2021
OED,43027.7494275706,1371785073,80.8557897295598,6.19603952385965,26.8014641980167,,2021
OMN,19403.4600160211,4500424,80.1239942103569,1.9,37.7946970332928,,2021
OSS,13717.0894877353,12541889,54.2199717949652,9.49668399234599,37.1192930523673,,2021
PAK,1455.31922370186,239477801,37.9333395514173,6.338,64.4007952670343,29.6,2021
PAN,15509.8069124139,4345405,65.8092302689169,10.177,39.7919608549134,50.9,2021
PER,6826.20255614477,33155882,83.9480118272361,5.097,38.0306341699685,40.3,2021
PHL,3484.38593882819,113100950,54.4504102510776,3.398,46.0999347647852,40.7,2021
PLW,13009.2481630213,17783,79.0890798782416,,26.8313930466461,,2021
PNG,2607.57861874444,10012896,14.4398342822353,3.03,55.1205723822279,,2021
POL,18635.5104895754,36981559,59.8096513205543,3.268,23.4264752303625,28.9,2021
PRE,1594.14229813292,1024960313,43.9651748532917,5.76542741642859,79.3895040540132,,2021
PRI,32619.0704601174,3262711,94.0550712597302,7.9,20.0509608584576,,2021
PRK,,26232534,62.926560562457,3.692,27.3577187032642,,2021
PRT,24711.4510062111,10361831,61.0951249296597,6.712,20.6808072078681,36.3,2021
PRY,5976.93179789949,6684182,67.3058612772421,7.311,44.7934833885474,44.6,2021
PSE,3678.63565662194,4922749,86.334956387337,26.39,68.0580461362208,,2021
PSS,3600.81254375167,2625493,39.6583318985728,3.35468526106548,55.7719279957905,,2021
PST,49855.2269396596,1116582773,80.8170538137498,5.80601878307517,24.2701974184063,,2021
PYF,21426.3854449835,279792,61.7399813226008,12.558,30.0143498588159,,2021
QAT,71751.9363398856,2504910,99.203408908243,0.14,18.6919562612343,,2021
ROU,14907.9803652143,19122059,52.2321512130811,5.59,24.9291569738603,32.3,2021
RUS,12425.029296875,144746762,74.7516840220252,4.749,26.6288739619444,33.9,2021
RWA,829.544845263697,13355260,26.1049092762833,15.775,66.9048512382529,,2021
SAS,2273.72055798689,1634785356,34.5086968655354,6.33048938390488,39.0566525039908,,2021
SAU,31920.7653655643,30784383,83.9716349986538,6.621,34.9241419897621,,2021
SDN,712.122009277344,48066924,34.6421563427994,11.087,73.8406256230027,,2021
SEN,1598.10676952274,17220867,52.2260292191155,3.436,70.1341297849447,36.2,2021
SGP,80056.1288247844,5453566,100.0,4.64,16.1021404995995,,2021
SLB,2043.44413170658,762591,28.6889396820578,0.879,65.3863642502769,,2021
SLE,885.396401885395,8094602,43.7345385973699,3.551,68.598731169323,35.7,2021
SLV,4642.60743101342,6255782,73.6838531494141,4.327,39.2439122505965,38.8,2021
SMR,54176.4798021628,34252,97.1035668453272,,19.8935842750978,,2021
SOM,549.056994756254,17271431,52.9060649733324,19.662,92.9482332241546,,2021
SRB,9680.52798074468,6834326,61.363899230957,9.843,22.4246201913474,32.8,2021
SSA,1885.48155965903,1076774079,44.978597249643,7.18509355059853,76.0513061464884,,2021
SSD,,10865780,20.4811115270532,13.95,74.876969428436,,2021
SSF,1785.46664916614,1199011925,42.6486975646522,6.84417115636911,75.4626023756517,,2021
SST,12428.6087674544,19646549,51.340072776001,8.82676059647369,38.5099157768111,,2021
STP,2362.58827248102,221961,68.1738967895508,9.563,69.2636470327021,,2021
SUR,5029.84838543953,617896,65.9853973388672,8.706,40.038132717481,39.2,2021
SVK,22123.3342114545,5447247,53.1901479870605,6.894,23.8027259337953,24.1,2021
SVN,29192.8401933019,2108079,55.3046289429588,4.744,23.5414429503015,24.3,2021
SWE,60647.5416365347,10415811,88.1741651958315,8.803,28.3978109129656,31.6,2021
SWZ,3984.00229174306,1206593,25.0156180525173,34.153,55.4843953491179,,2021
SXM,32548.4366854902,41571,100.0,,23.3928027353668,,2021
SYC,14982.9111487767,99258,44.6026796065539,,28.5358789787425,32.1,2021
SYR,663.614245706815,21628839,73.0125007629395,14.887,53.7813669018843,26.4,2021
TCA,27329.2885087196,45243,93.4467025398547,,22.5871759231281,,2021
TCD,946.358500208374,17828273,25.2312246423075,1.53,94.8511163899727,37.4,2021
TEA,10086.4176067356,2102350702,60.3208754851698,4.14006542894987,29.3169113515881,,2021
TEC,10014.5108823837,463104389,68.8680370709709,6.78803635122713,30.7982018082728,,2021
TGO,962.075187515872,8878379,42.3105904515122,2.344,71.789383117272,37.9,2021
THA,7057.20754802279,71727332,58.5087776184082,1.215,22.3295675652775,34.3,2021
TJK,896.748053372182,9966908,26.1991525151375,7.687,60.8212171124291,39.5,2021
TKM,5723.30227157906,7092043,47.0581410301711,4.458,48.8153220114299,,2021
TLA,8075.78816650564,633862610,80.621099914497,9.26330031941499,35.2692039000862,,2021
TLS,2684.92676774277,1350139,28.7927371734472,2.344,59.9817469749623,,2021
TMN,2746.96809945183,699536053,51.6735754616086,9.58930430798613,55.796875037688,,2021
TON,4922.80171378368,105490,21.258003897665,2.111,61.5461403767163,27.1,2021
TSA,2273.72055798689,1634785356,34.5086968655354,6.33048938390488,39.0566525039908,,2021
TSS,1785.46664916614,1199011925,42.6486975646522,6.84417115636911,75.4626023756517,,2021
TTO,17712.5674104655,1367558,53.9421278853848,4.446,26.2908121376977,,2021
TUN,3906.93926319391,12048622,69.3997523770568,16.632,37.5462528727998,33.7,2021
TUR,9981.76398411336,84147318,89.1762048153239,11.969,33.0443423061081,44.5,2021
TUV,5905.08198095343,10194,62.6098296425994,,50.5563391317975,,2021
TZA,1159.85656738281,62830412,34.3500111758619,1.876,80.1140132089043,40.5,2021
UGA,882.791717542504,45910930,29.2362957789022,3.416,84.1127394199539,42.7,2021
UKR,4775.94580078125,44298640,69.4027032653896,9.834,22.4470756964017,25.6,2021
URY,17881.818721099,3396695,95.4497146606445,9.328,29.8560332633863,40.6,2021
USA,70205.050916026,332099760,80.0074765140272,5.349,27.7547960619839,41.7,2021
UZB,2258.51964119278,34243696,50.9269905090332,5.364,46.8507465420305,31.2,2021
VCT,8641.27904024443,102841,47.4554100739049,20.356,32.9717248289984,,2021
VEN,2004.93397949792,28237826,89.1766444746891,7.027,42.7815450956107,,2021
VGB,,37809,53.972618684518,,21.9990823421452,,2021
VIR,42571.0777368471,105870,95.1604310610968,13.508,26.5693497320994,,2021
VNM,3704.1935590038,98935098,36.6540656426603,2.383,35.6284444879672,36.1,2021
VUT,3107.20312858002,305868,22.2501822422475,4.776,68.421082850089,32.3,2021
WLD,12390.6686716727,7920514854,56.8075140054202,6.0451914548011,39.4764377755795,,2021
WSM,4021.55934894283,213779,17.5672426452007,6.664,69.284482325558,,2021
XKX,5270.43236861018,1786079,46.4995789423362,,32.0878034447016,38.3,2021
YEM,,37140230,36.0704951256305,18.312,73.6803331465313,,2021
ZAF,6828.75624590017,61502603,63.4503925883909,34.007,39.6319124407365,54.1,2021
ZMB,1127.16077872857,19603607,44.2353731410926,5.197,77.592886856316,51.5,2021
ZWE,2613.60542083552,15797210,37.8692058859373,9.54,76.7868158677835,50.3,2021
